"Date","X_00060_00003","X_99133_00003"
"01/01/16",6610,12.1
"01/02/16",6080,12.1
"01/03/16",5780,12.3
"01/04/16",5370,12.3
"01/05/16",5010,12.3
"01/06/16",4740,12.1
"01/07/16",4730,11.8
"01/08/16",4990,11.1
"01/09/16",5310,10.8
"01/10/16",4550,11.9
"01/11/16",3920,12.1
"01/12/16",3430,11.5
"01/13/16",3580,12.1
"01/14/16",3950,11.7
"01/15/16",4250,11.7
"01/16/16",3210,12.1
"01/17/16",1240,13
"01/18/16",1440,13.1
"01/19/16",1620,12.4
"01/20/16",1980,11.8
"01/21/16",2490,11.9
"01/22/16",3120,11.8
"01/23/16",3000,11.9
"01/24/16",2920,11.6
"01/25/16",2810,11.4
"01/26/16",2740,11.3
"01/27/16",2620,11.3
"01/28/16",2540,11.2
"01/29/16",2530,11.2
"01/30/16",2720,10.5
"01/31/16",3110,9.79
"02/01/16",3640,8.65
"02/02/16",3600,9.33
"02/03/16",3430,9.98
"02/04/16",2640,10.3
"02/05/16",2540,10.2
"02/06/16",2690,10.5
"02/07/16",2790,10.4
"02/08/16",2500,10.5
"02/09/16",1750,10.9
"02/10/16",1790,11.2
"02/11/16",1770,10.5
"02/12/16",1760,10.7
"02/13/16",1730,11.1
"02/14/16",1890,11.3
"02/15/16",2040,10.8
"02/16/16",2600,9.58
"02/17/16",3290,8.58
"02/18/16",3880,7.76
"02/19/16",9270,4.76
"02/20/16",13300,7
"02/21/16",13900,7.92
"02/22/16",14200,8.09
"02/23/16",14700,8.7
"02/24/16",14500,9.61
"02/25/16",12700,10.2
"02/26/16",10300,10.6
"02/27/16",8810,10.8
"02/28/16",8200,10.8
"02/29/16",8260,10.9
"03/01/16",7880,10.9
"03/02/16",7140,11
"03/03/16",6390,11
"03/04/16",5750,11
"03/05/16",5130,11
"03/06/16",4770,11.1
"03/07/16",4600,11
"03/08/16",4590,11.1
"03/09/16",4480,11.2
"03/10/16",4240,11.1
"03/11/16",3940,11.1
"03/12/16",3720,11
"03/13/16",3700,10.8
"03/14/16",3680,10.8
"03/15/16",3700,10.7
"03/16/16",3520,10.4
"03/17/16",3260,10.6
"03/18/16",2990,10.7
"03/19/16",2770,10.7
"03/20/16",2700,10.6
"03/21/16",2600,10.6
"03/22/16",2490,10.5
"03/23/16",2460,10.5
"03/24/16",2580,10.3
"03/25/16",2740,10.2
"03/26/16",3120,10.5
"03/27/16",3450,10.7
"03/28/16",3480,10.8
"03/29/16",3780,11.1
"03/30/16",4180,11.3
"03/31/16",4170,11.3
"04/01/16",3970,11.1
"04/02/16",4070,11.3
"04/03/16",5820,12.1
"04/04/16",6510,13
"04/05/16",5510,13
"04/06/16",4650,12.4
"04/07/16",4070,12
"04/08/16",3650,11.7
"04/09/16",3170,11.7
"04/10/16",2850,11.6
"04/11/16",2700,11.5
"04/12/16",2480,11.5
"04/13/16",2250,11.4
"04/14/16",2130,11.2
"04/15/16",2040,11.1
"04/16/16",1910,10.9
"04/17/16",1850,10.7
"04/18/16",1770,10.6
"04/19/16",1760,10.3
"04/20/16",1800,9.86
"04/21/16",2240,8.96
"04/22/16",3180,9.49
"04/23/16",4820,11.3
"04/24/16",4810,11.8
"04/25/16",4170,11.4
"04/26/16",3580,11.4
"04/27/16",3520,11
"04/28/16",5900,10
"04/29/16",7450,11.1
"04/30/16",10900,9.95
"05/01/16",16300,8.66
"05/02/16",15200,11.2
"05/03/16",15100,11.8
"05/04/16",15000,12.8
"05/05/16",14400,13.5
"05/06/16",12800,13.7
"05/07/16",9880,13.3
"05/08/16",8090,13.3
"05/09/16",7420,12.8
"05/10/16",9480,10.7
"05/11/16",10600,11.9
"05/12/16",10600,12.8
"05/13/16",10200,13.9
"05/14/16",8980,13.8
"05/15/16",7890,13.8
"05/16/16",7090,13.8
"05/17/16",6600,13.8
"05/18/16",6140,13.8
"05/19/16",5660,13.8
"05/20/16",5330,13.8
"05/21/16",4980,13.9
"05/22/16",4750,13.8
"05/23/16",4440,13.8
"05/24/16",4490,13.6
"05/25/16",6330,13
"05/26/16",7010,12.6
"05/27/16",9610,11.7
"05/28/16",8710,11.6
"05/29/16",7310,12
"05/30/16",6150,12.5
"05/31/16",5990,12.5
"06/01/16",5820,12
"06/02/16",5700,12.1
"06/03/16",5360,12.3
"06/04/16",5010,12.5
"06/05/16",4460,12.7
"06/06/16",3930,12.9
"06/07/16",3590,13
"06/08/16",3300,13.1
"06/09/16",3160,13.1
"06/10/16",3050,13
"06/11/16",2940,13
"06/12/16",2790,12.8
"06/13/16",2660,12.7
"06/14/16",2510,12.5
"06/15/16",2980,12.4
"06/16/16",3390,12.4
"06/17/16",3170,12.8
"06/18/16",2950,13
"06/19/16",2630,13.2
"06/20/16",2300,13.1
"06/21/16",2120,12.8
"06/22/16",1930,12.3
"06/23/16",1790,11.7
"06/24/16",1650,11.3
"06/25/16",1510,11.1
"06/26/16",1510,10.6
"06/27/16",1350,10.4
"06/28/16",1190,10.2
"06/29/16",1070,10
"06/30/16",1100,9.7
"07/01/16",1610,9.83
"07/02/16",1510,10.5
"07/03/16",1200,10
"07/04/16",1020,9.83
"07/05/16",955,9.68
"07/06/16",878,9.41
"07/07/16",1080,8.57
"07/08/16",1240,8.5
"07/09/16",1150,9
"07/10/16",924,8.74
"07/11/16",770,8.39
"07/12/16",991,7.68
"07/13/16",922,7.29
"07/14/16",828,7.16
"07/15/16",720,7.36
"07/16/16",644,7.15
"07/17/16",657,7.17
"07/18/16",971,7.31
"07/19/16",2610,6.2
"07/20/16",3630,6.93
"07/21/16",5360,7.52
"07/22/16",6710,8.47
"07/23/16",5690,9.33
"07/24/16",3820,9.14
"07/25/16",2750,9.14
"07/26/16",2140,8.98
"07/27/16",1720,8.56
"07/28/16",1410,8.04
"07/29/16",1210,7.52
"07/30/16",1090,7.14
"07/31/16",966,6.56
"08/01/16",891,6.17
"08/02/16",2030,4.6
"08/03/16",1830,5.85
"08/04/16",1470,6.68
"08/05/16",1100,6.74
"08/06/16",941,6.22
"08/07/16",747,5.71
"08/08/16",649,5.41
"08/09/16",589,4.98
"08/10/16",578,4.86
"08/11/16",571,4.76
"08/12/16",1840,4.91
"08/13/16",5290,6.4
"08/14/16",3930,6.54
"08/15/16",2630,6.85
"08/16/16",1990,6.55
"08/17/16",1610,5.85
"08/18/16",1290,5.54
"08/19/16",1060,5.23
"08/20/16",1100,5.07
"08/21/16",924,4.62
"08/22/16",927,4.75
"08/23/16",982,5.45
"08/24/16",953,5.7
"08/25/16",808,5.39
"08/26/16",671,5.21
"08/27/16",613,5.19
"08/28/16",610,5.07
"08/29/16",601,5.02
"08/30/16",630,4.87
"08/31/16",662,4.55
"09/01/16",530,4.43
"09/02/16",447,4.41
"09/03/16",426,4.19
"09/04/16",423,3.96
"09/05/16",426,4.09
"09/06/16",411,4.05
"09/07/16",427,3.99
"09/08/16",467,3.97
"09/09/16",497,3.76
"09/10/16",1480,3.65
"09/11/16",1630,3.51
"09/12/16",1590,4.54
"09/13/16",1590,5.21
"09/14/16",1430,5.52
"09/15/16",1110,5.61
"09/16/16",5500,3.19
"09/17/16",7660,4.15
"09/20/16",7890,6.41
"09/21/16",7500,6.33
"09/22/16",6680,6.31
"09/23/16",5540,6.38
"09/24/16",4400,6.44
"09/25/16",4760,5.91
"09/26/16",7100,6.15
"09/27/16",7240,7.61
"09/28/16",6690,8.68
"09/29/16",5630,8.77
"09/30/16",4530,8.89
"10/01/16",3890,8.84
"10/02/16",3500,8.69
"10/03/16",3180,8.47
"10/04/16",2900,8.46
"10/05/16",2780,8.49
"10/06/16",3730,8.21
"10/07/16",5870,9
"10/08/16",7510,9.47
"10/09/16",7310,9.61
"10/10/16",7060,9.63
"10/11/16",6560,9.46
"10/12/16",5680,9.44
"10/13/16",4800,9.4
"10/14/16",4080,9.44
"10/15/16",3730,9.5
"10/16/16",3470,9.52
"10/17/16",3260,9.46
"10/18/16",3010,9.44
"10/19/16",2740,9.47
"10/20/16",2470,9.34
"10/21/16",2290,9.21
"10/22/16",2110,9.11
"10/23/16",2070,9.06
"10/24/16",2010,9.09
"10/25/16",1930,9.12
"10/26/16",1890,8.93
"10/27/16",1780,8.82
"10/28/16",1730,8.81
"10/29/16",1700,8.8
"10/30/16",1650,8.8
"10/31/16",1610,8.78
"11/01/16",1540,8.67
"11/02/16",1590,8.31
"11/03/16",1500,8.26
"11/04/16",1410,8.41
"11/05/16",1310,8.38
"11/06/16",1260,8.27
"11/07/16",1230,8.23
"11/08/16",1220,8.16
"11/09/16",1160,8.09
"11/10/16",1140,8.06
"11/11/16",1110,8.13
"11/12/16",1190,8.06
"11/13/16",1710,8.85
"11/14/16",1350,8.58
"11/15/16",1140,7.9
"11/16/16",1070,7.47
"11/17/16",1080,7.38
"11/18/16",1030,7.15
"11/19/16",1030,7.24
"11/20/16",1010,7.51
"11/21/16",1000,7.63
"11/22/16",1030,7.62
"11/23/16",1230,7.36
"11/24/16",1390,7.44
"11/25/16",1300,7.48
"11/26/16",1310,7.56
"11/27/16",1340,7.58
"11/28/16",1620,7.17
"11/29/16",1630,7.25
"11/30/16",1560,7.45
"12/01/16",1480,7.61
"12/02/16",1440,7.62
"12/03/16",1380,7.65
"12/04/16",1400,7.33
"12/05/16",1480,7.04
"12/06/16",1440,7.16
"12/07/16",1380,7.37
"12/08/16",1160,7.81
"12/09/16",724,8.33
"12/10/16",559,8.11
"12/11/16",416,7.52
"12/12/16",529,8
"12/13/16",813,8.36
"12/15/16",903,8.82
"12/16/16",894,8.71
"12/17/16",942,8.72
"12/18/16",769,8.67
"12/19/16",876,8.67
"12/20/16",1070,8.64
"12/21/16",966,8.32
"12/22/16",1190,7.94
"12/23/16",1240,7.68
"12/24/16",1160,7.5
"12/25/16",1200,6.68
"12/26/16",1470,5.77
"12/27/16",1610,7.08
"12/28/16",2110,8.24
"12/29/16",1970,7.78
"12/30/16",1990,7.8
"12/31/16",1930,7.79
"01/01/17",1700,7.69
"01/02/17",1630,7.78
"01/03/17",1490,7.68
"01/04/17",1350,8
"01/05/17",1420,8.49
"01/06/17",1270,8.8
"01/07/17",1160,8.78
"01/08/17",1160,8.62
"01/09/17",1120,8.98
"01/10/17",1260,8.67
"01/11/17",1550,8.34
"01/12/17",1340,7.97
"01/13/17",1160,7.97
"01/14/17",1280,8.05
"01/15/17",1170,7.84
"01/16/17",1340,6.04
"01/17/17",1690,4.01
"01/18/17",2190,4.54
"01/19/17",2030,5.21
"01/20/17",2320,5.53
"01/21/17",2630,5.99
"01/22/17",4230,6.22
"01/23/17",4030,6.95
"01/24/17",3270,6.38
"01/25/17",2770,6.12
"01/26/17",2260,5.99
"01/27/17",2010,6.1
"01/28/17",1730,6.27
"01/29/17",1620,6.26
"01/30/17",1630,6.27
"01/31/17",1680,6.32
"02/01/17",1660,6.2
"02/02/17",1580,6.6
"02/03/17",1540,7.04
"02/04/17",1550,6.97
"02/05/17",1560,6.78
"02/06/17",1470,6.67
"02/07/17",1380,6.64
"02/08/17",1230,6.26
"02/09/17",987,6.69
"02/10/17",1170,7.01
"02/11/17",1940,6.23
"02/12/17",1870,5.69
"02/13/17",1630,5.9
"02/14/17",1580,6.12
"02/15/17",1770,6.42
"02/16/17",2260,6.28
"02/17/17",2250,5.52
"02/18/17",2070,5.87
"02/19/17",1850,6.08
"02/20/17",2010,6.09
"02/21/17",2770,6.14
"02/22/17",3880,6.99
"02/23/17",4430,7.91
"02/24/17",4390,7.85
"02/25/17",4110,7.69
"02/26/17",3860,8.05
"02/27/17",3440,8.3
"02/28/17",3360,8.51
"03/01/17",3480,8.13
"03/02/17",3680,7.93
"03/03/17",3860,8.32
"03/04/17",3930,8.58
"03/05/17",3750,8.74
"03/06/17",3550,8.97
"03/07/17",3870,8.49
"03/08/17",5140,8.99
"03/09/17",5480,9.42
"03/10/17",4710,9.16
"03/11/17",3960,9.32
"03/12/17",3460,9.55
"03/13/17",3200,9.3
"03/14/17",2910,9.18
"03/15/17",2670,9.26
"03/16/17",2540,9.16
"03/17/17",2480,8.92
"03/18/17",2400,8.84
"03/19/17",2360,8.76
"03/20/17",2360,8.66
"03/21/17",2370,8.53
"03/22/17",2320,8.39
"03/23/17",2240,8.31
"03/24/17",2210,8.13
"03/25/17",2480,7.35
"03/26/17",3480,6.85
"03/27/17",3680,7.59
"03/28/17",3810,8.15
"03/29/17",3890,7.79
"03/30/17",7260,6.54
"03/31/17",8690,8.87
"04/01/17",8960,9.95
"04/02/17",8000,10.3
"04/03/17",7450,9.82
"04/04/17",7920,9.22
"04/05/17",7000,9.79
"04/06/17",6390,9.97
"04/07/17",5650,10.2
"04/08/17",5200,10.2
"04/09/17",4900,10
"04/10/17",4470,9.97
"04/11/17",4110,10.1
"04/12/17",3720,10
"04/13/17",3530,9.88
"04/14/17",3460,9.55
"04/15/17",4600,7.62
"04/16/17",4740,7.75
"04/17/17",4170,8.81
"04/18/17",4890,9.51
"04/19/17",4580,9.82
"04/20/17",4210,9.74
"04/21/17",5000,9.74
"04/22/17",5260,10.1
"04/23/17",5350,10.3
"04/24/17",4810,10.3
"04/25/17",4340,10.3
"04/26/17",4010,10.2
"04/27/17",3690,10.3
"04/28/17",3440,10.1
"04/29/17",3500,9.61
"04/30/17",3590,8.94
"05/01/17",6920,7.85
"05/02/17",8980,10.1
"05/03/17",9720,11.5
"05/04/17",9380,11.8
"05/05/17",7910,11.5
"05/06/17",6900,11.6
"05/07/17",6150,11.7
"05/08/17",5660,11.4
"05/09/17",4700,10.9
"05/10/17",5240,10
"05/11/17",7230,10
"05/12/17",6340,11.2
"05/13/17",5370,11.3
"05/14/17",4840,11.3
"05/15/17",4450,11.2
"05/16/17",4180,11.1
"05/17/17",4980,10.7
"05/18/17",5790,10.7
"05/19/17",8640,10.9
"05/20/17",12900,10.7
"05/21/17",14500,11.2
"05/22/17",13800,13.3
"05/23/17",13900,13.9
"05/24/17",13900,14.5
"05/25/17",12800,14.6
"05/26/17",10100,14.4
"05/27/17",8520,13.9
"05/28/17",8160,12.8
"05/29/17",7070,13.6
"05/30/17",6310,14.1
"05/31/17",5760,14.3
"06/01/17",5280,14.3
"06/02/17",4980,14.2
"06/03/17",4680,14
"06/04/17",4360,13.9
"06/05/17",4010,13.8
"06/06/17",3730,13.8
"06/07/17",3470,13.8
"06/08/17",3300,13.7
"06/09/17",3140,13.6
"06/10/17",2950,13.3
"06/11/17",2840,13.2
"06/12/17",2650,13
"06/13/17",2540,12.7
"06/14/17",2800,12
"06/15/17",3270,11.5
"06/16/17",2710,11.9
"06/17/17",2490,12.2
"06/18/17",2320,12
"06/19/17",2190,11.9
"06/20/17",2120,11.9
"06/21/17",1990,11.6
"06/22/17",1920,11.4
"06/23/17",1860,11.3
"06/24/17",1850,11.2
"06/25/17",1660,11.1
"06/26/17",1540,10.9
"06/27/17",1490,10.6
"06/28/17",1520,10.3
"06/29/17",1510,9.99
"06/30/17",1400,9.94
"07/01/17",1320,9.84
"07/02/17",1280,9.63
"07/03/17",1290,9.47
"07/04/17",1280,9.28
"07/05/17",1310,8.69
"07/06/17",1270,8.78
"07/07/17",1120,8.74
"07/08/17",1010,8.34
"07/09/17",953,7.95
"07/10/17",876,7.51
"07/11/17",838,7.01
"07/12/17",902,6.67
"07/13/17",696,5.67
"07/14/17",738,5.71
"07/15/17",690,5.36
"07/16/17",620,5.04
"07/17/17",573,4.6
"07/18/17",547,4.36
"07/19/17",529,4.21
"07/20/17",517,4.02
"07/21/17",533,3.64
"07/22/17",746,4.64
"07/23/17",729,5.1
"07/26/17",473,2.78
"07/27/17",525,3.08
"07/28/17",494,3.17
"07/29/17",475,3.04
"07/30/17",444,2.81
"07/31/17",422,2.67
"08/01/17",416,2.71
"08/02/17",377,2.43
"08/03/17",376,2.04
"08/04/17",492,2.51
"08/05/17",434,2.54
"08/06/17",403,2.9
"08/07/17",380,2.93
"08/08/17",349,2.69
"08/09/17",334,2.41
"08/10/17",329,2.3
"08/11/17",314,2.21
"08/12/17",303,2.08
"08/13/17",293,1.91
"08/14/17",286,1.91
"08/15/17",303,2.01
"08/16/17",361,2.13
"08/17/17",360,2.13
"08/18/17",345,2.17
"08/19/17",320,2.28
"08/20/17",393,2.21
"08/21/17",3170,1.4
"08/22/17",1850,0.61
"08/23/17",803,1.7
"08/24/17",602,1.87
"08/25/17",539,1.87
"08/26/17",505,1.8
"08/27/17",483,1.85
"08/28/17",450,1.87
"08/29/17",438,1.82
"08/30/17",390,1.7
"09/02/17",328,1.39
"09/03/17",317,1.21
"09/04/17",310,1.06
"09/05/17",283,1.03
"09/06/17",272,1.12
"09/07/17",262,1.08
"09/08/17",271,1.15
"09/09/17",267,1.08
"09/10/17",262,1.08
"09/11/17",257,0.99
"09/12/17",257,0.91
"09/13/17",255,0.81
"09/14/17",259,0.82
"09/15/17",254,0.78
"09/16/17",254,0.74
"09/17/17",324,0.7
"09/18/17",342,0.99
"09/19/17",346,1.24
"09/20/17",338,1.13
"09/21/17",312,0.94
"09/22/17",296,0.9
"09/23/17",276,1.07
"09/24/17",252,0.91
"09/25/17",337,1.04
"09/26/17",391,1.25
"09/27/17",362,1.51
"09/28/17",288,1.37
"09/29/17",263,1.25
"09/30/17",247,1.33
"10/01/17",245,1.37
"10/02/17",253,1.44
"10/03/17",315,1.71
"10/04/17",322,1.78
"10/05/17",293,1.73
"10/06/17",427,1.62
"10/07/17",1450,1.41
"10/08/17",2040,1.44
"10/09/17",1300,1.55
"10/10/17",1680,1.83
"10/11/17",2190,2.2
"10/12/17",1680,2.24
"10/13/17",1320,2.66
"10/14/17",1400,2.64
"10/15/17",1960,2.48
"10/16/17",1360,2.76
"10/17/17",1100,3.25
"10/18/17",970,3.52
"10/19/17",883,3.5
"10/20/17",780,3.5
"10/21/17",743,3.39
"10/22/17",804,2.99
"10/23/17",811,2.95
"10/24/17",730,2.91
"10/25/17",783,2.89
"10/26/17",864,3.11
"10/27/17",778,3.42
"10/28/17",722,3.49
"10/29/17",692,3.57
"10/30/17",675,3.55
"10/31/17",624,3.43
"11/01/17",611,3.43
"11/02/17",604,3.38
"11/03/17",589,3.3
"11/04/17",572,3.24
"11/05/17",566,3.23
"11/06/17",528,3.16
"11/07/17",515,3.13
"11/08/17",495,3.18
"11/09/17",486,3.23
"11/10/17",473,3.22
"11/11/17",457,3.3
"11/12/17",473,3.41
"11/13/17",475,3.39
"11/14/17",475,3.26
"11/15/17",469,3.25
"11/16/17",463,3.17
"11/17/17",467,3.1
"11/18/17",484,3.06
"11/19/17",484,3.03
"11/20/17",468,2.93
"11/21/17",430,2.97
"11/22/17",389,3.13
"11/23/17",396,3.09
"11/24/17",434,3.1
"11/25/17",414,3.08
"11/26/17",386,3.08
"11/27/17",394,2.94
"11/28/17",418,2.86
"11/29/17",398,2.81
"11/30/17",363,2.78
"12/01/17",356,2.83
"12/02/17",362,2.84
"12/03/17",374,2.89
"12/04/17",394,2.86
"12/05/17",340,2.89
"12/06/17",329,2.89
"12/07/17",217,2.98
"12/08/17",175,2.99
"12/09/17",158,2.97
"12/10/17",171,3.39
"12/11/17",173,3.54
"12/12/17",172,3.82
"12/13/17",179,3.7
"12/14/17",179,3.59
"12/15/17",184,3.61
"12/16/17",205,3.68
"12/17/17",204,3.61
"12/19/17",160,3.46
"12/20/17",157,3.47
"12/21/17",148,3.48
"12/22/17",131,3.59
"12/23/17",117,3.69
"12/24/17",111,3.76
"12/25/17",115,3.64
"12/26/17",139,4.03
"12/27/17",197,4.33
"12/28/17",230,4.61
"12/29/17",247,5.13
"12/30/17",251,5.14
"01/03/18",256,4.36
"01/04/18",271,4.37
"01/05/18",278,4.36
"01/06/18",274,4.37
"01/07/18",268,4.35
"01/08/18",266,4.47
"01/09/18",276,4.44
"01/10/18",288,4.18
"01/11/18",296,3.97
"01/12/18",298,4.16
"01/13/18",297,4.27
"01/14/18",294,4.27
"01/15/18",293,4.28
"01/20/18",353,4.74
"01/21/18",358,4.42
"01/22/18",366,3.33
"01/24/18",363,3.69
"01/25/18",377,4.21
"01/26/18",414,4.58
"01/27/18",458,4.34
"01/28/18",502,4.06
"01/31/18",489,4.19
"02/01/18",474,4.3
"02/02/18",432,4.55
"02/03/18",407,4.5
"02/04/18",352,4.15
"02/05/18",312,5.51
"02/06/18",284,5.94
"02/07/18",265,5.5
"02/08/18",262,5.35
"02/09/18",285,5.21
"02/10/18",305,5.32
"02/11/18",312,4.96
"02/12/18",342,5
"02/13/18",402,5.05
"02/14/18",482,4.9
"02/15/18",558,4.34
"02/16/18",635,4.12
"02/17/18",608,4.11
"02/18/18",915,4.16
"02/19/18",1010,4.4
"02/20/18",698,3.76
"02/21/18",385,4.4
"02/22/18",334,4.25
"02/23/18",442,3.49
"02/24/18",693,3.72
"02/25/18",901,3.56
"02/26/18",1080,3.42
"03/02/18",2680,3.46
"03/03/18",2210,3.34
"03/04/18",2360,3.39
"03/05/18",3270,3.27
"03/06/18",3490,3.15
"03/07/18",3140,3.07
"03/08/18",2170,3.42
"03/09/18",1660,3.84
"03/10/18",1380,4.18
"03/11/18",1250,4.33
"03/12/18",1110,4.4
"03/13/18",1010,4.42
"03/14/18",965,4.44
"03/15/18",932,4.45
"03/16/18",932,4.28
"03/17/18",1090,3.86
"03/18/18",1300,3.73
"03/19/18",1480,3.94
"03/20/18",1660,4.33
"03/21/18",1960,4.95
"03/22/18",1780,5.59
"03/23/18",1610,5.49
"03/24/18",1690,4.85
"03/25/18",2090,4.4
"03/26/18",3130,4.57
"03/27/18",4530,5.5
"03/28/18",4150,6.35
"03/29/18",3840,6.91
"03/30/18",3950,7.17
"03/31/18",4110,7.71
"04/01/18",4000,7.98
"04/02/18",3350,8.03
"04/03/18",2900,8.06
"04/04/18",2570,7.94
"04/05/18",2300,8.04
"04/06/18",2110,7.7
"04/07/18",1950,7.69
"04/08/18",1810,7.71
"04/09/18",1800,7.25
"04/10/18",1770,7.36
"04/11/18",1720,7.01
"04/12/18",1680,6.65
"04/13/18",1660,6.52
"04/14/18",2060,5.77
"04/15/18",4650,5.33
"04/16/18",5110,7.49
"04/17/18",4360,7.71
"04/18/18",4030,7.76
"04/19/18",4120,7.85
"04/20/18",4250,8.12
"04/21/18",4350,8.25
"04/22/18",4470,8.53
"04/23/18",4620,8.75
"04/24/18",4970,9.21
"04/25/18",5260,9.22
"04/26/18",4940,8.9
"04/27/18",4350,8.71
"04/28/18",3710,8.61
"04/29/18",3160,8.77
"04/30/18",2740,8.87
"05/01/18",2570,8.16
"05/02/18",4130,6.3
"05/03/18",6300,6.51
"05/04/18",7780,6.91
"05/05/18",8530,8.37
"05/06/18",8950,9.71
"05/07/18",8110,10.2
"05/08/18",6560,10
"05/09/18",5450,9.77
"05/10/18",4720,9.67
"05/11/18",4080,9.74
"05/12/18",4370,8.43
"05/13/18",5190,6.95
"05/14/18",6720,5.98
"05/15/18",5470,8.55
"05/16/18",4820,9.23
"05/17/18",4450,9.46
"05/18/18",3990,9.56
"05/19/18",3760,9.29
"05/20/18",3480,9.29
"05/21/18",3260,9.05
"05/22/18",3100,9.02
"05/23/18",2990,9.07
"05/24/18",2810,9.3
"05/25/18",2680,9.24
"05/26/18",2550,9.08
"05/27/18",2450,8.94
"05/28/18",2310,8.79
"05/29/18",2190,8.59
"05/30/18",2650,7.82
"05/31/18",2910,8.93
"06/01/18",3280,10.3
"06/02/18",3040,9.99
"06/03/18",2850,9.27
"06/04/18",2550,9.92
"06/05/18",2390,10.1
"06/06/18",2430,10
"06/07/18",3550,8.19
"06/08/18",2930,9.58
"06/09/18",2550,9.98
"06/10/18",2440,10.1
"06/11/18",4730,7.44
"06/12/18",6210,7.68
"06/13/18",5900,9.65
"06/14/18",5850,10.2
"06/15/18",5930,10.6
"06/16/18",7250,10.5
"06/17/18",7960,10.7
"06/18/18",7340,10.6
"06/19/18",7780,9.59
"06/20/18",14900,6.65
"06/21/18",16500,7.57
"06/22/18",16100,7.96
"06/23/18",16700,8.17
"06/24/18",17200,8.83
"06/25/18",17300,9.14
"06/26/18",16000,9.19
"06/27/18",12800,9.53
"06/28/18",9950,9.75
"06/29/18",8360,9.9
"06/30/18",8050,9.28
"07/01/18",12300,5.86
"07/02/18",8760,8.8
"07/03/18",8520,9.97
"07/04/18",7590,10.5
"07/05/18",6620,10.4
"07/06/18",6500,10.4
"07/07/18",7700,10.5
"07/08/18",7760,10.2
"07/09/18",6480,10.5
"07/10/18",5380,10.6
"07/11/18",4540,10.6
"07/12/18",3960,10.5
"07/13/18",3570,10.4
"07/14/18",3240,9.99
"07/15/18",3040,9.58
"07/16/18",3020,9.61
"07/17/18",2980,9.69
"07/18/18",2640,9.68
"07/19/18",2300,9.59
"07/20/18",2040,9.36
"07/21/18",1840,9.03
"07/22/18",1650,8.76
"07/23/18",1490,8.4
"07/24/18",1320,7.9
"07/25/18",1180,7.38
"07/26/18",1090,6.95
"07/27/18",985,6.65
"07/31/18",688,5.46
"08/01/18",644,5.3
"08/02/18",591,4.98
"08/03/18",553,4.75
"08/04/18",511,4.58
"08/05/18",485,4.48
"08/06/18",458,4.34
"08/07/18",503,4.14
"08/08/18",596,3.55
"08/09/18",2020,3.97
"08/10/18",1950,5.85
"08/11/18",1410,6.5
"08/12/18",1100,6.37
"08/13/18",904,5.78
"08/14/18",782,5.31
"08/15/18",756,4.71
"08/16/18",657,4.17
"08/17/18",591,3.62
"08/18/18",584,3.31
"08/19/18",560,3.05
"08/20/18",1170,2.49
"08/21/18",3680,3.75
"08/22/18",8920,4.71
"08/23/18",9340,5.21
"08/24/18",9950,5.56
"08/25/18",7940,5.98
"08/26/18",5540,6.3
"08/27/18",4260,6.43
"08/28/18",3490,6.58
"08/29/18",3740,6.54
"08/30/18",4820,7.05
"08/31/18",5810,7.59
"09/01/18",5200,7.46
"09/02/18",4370,7.16
"09/03/18",5820,6.49
"09/04/18",6810,6.36
"09/05/18",7610,5.87
"09/06/18",10000,6.13
"09/07/18",10800,6.59
"09/08/18",11300,6.67
"09/09/18",11300,6.72
"09/10/18",9000,6.7
"09/11/18",7290,6.68
"09/12/18",6220,6.78
"09/13/18",5140,6.83
"09/14/18",4320,6.93
"09/15/18",3760,7.12
"09/16/18",3360,7.13
"09/17/18",3010,7.1
"09/18/18",2750,6.91
"09/19/18",2620,6.76
"09/20/18",2800,6.99
"09/21/18",5290,7.13
"09/22/18",8080,7.42
"09/23/18",9390,7.44
"09/24/18",9890,7.08
"09/25/18",9680,6.87
"09/26/18",9640,6.73
"09/27/18",8850,7.16
"09/28/18",7580,7.49
"09/29/18",6610,7.63
"09/30/18",5780,7.76
"10/01/18",5320,7.73
"10/02/18",8400,7.7
"10/03/18",10000,7.38
"10/04/18",8660,8.22
"10/05/18",7060,8.13
"10/06/18",6400,8.03
"10/07/18",6050,7.77
"10/08/18",6550,7.34
"10/09/18",13500,5.68
"10/10/18",19200,5.77
"10/11/18",18300,5.89
"10/12/18",18900,5.92
"10/13/18",18400,6.48
"10/14/18",15900,6.91
"10/15/18",11500,7.06
"10/16/18",9180,7.23
"10/17/18",8000,7.4
"10/18/18",7210,7.45
"10/19/18",6710,7.57
"10/20/18",6240,7.7
"10/21/18",5760,7.71
"10/22/18",5430,7.81
"10/23/18",5130,7.81
"10/24/18",4820,7.9
"10/25/18",4530,7.98
"10/26/18",4380,7.91
"10/27/18",4240,7.91
"10/28/18",4050,8
"10/29/18",3800,8.01
"10/30/18",3560,7.98
"10/31/18",3470,8
"11/01/18",3340,7.8
"11/02/18",3250,7.88
"11/03/18",3200,7.76
"11/04/18",3340,7.48
"11/05/18",3530,7.61
"11/21/18",2360,7.46
"11/22/18",2340,7.44
"11/23/18",2330,7.4
"11/24/18",2360,7.34
"11/25/18",2330,7.35
"11/26/18",2180,7.4
"11/27/18",1870,7.51
"11/28/18",1650,7.54
"11/29/18",1720,7.47
"11/30/18",2010,7.38
"12/02/18",4810,4.45
"12/03/18",4210,5.54
"12/04/18",3520,6.41
"12/05/18",3210,6.85
"12/06/18",2900,6.91
"12/07/18",2500,7
"12/08/18",2270,6.89
"12/09/18",2170,6.96
"12/10/18",2100,7.09
"12/11/18",2010,6.96
"12/12/18",1990,6.72
"12/13/18",1950,6.59
"12/14/18",1960,6.55
"12/15/18",1960,6.54
"12/16/18",1940,6.48
"12/17/18",1920,6.44
"12/18/18",1880,6.45
"12/19/18",1850,6.43
"12/20/18",1840,6.38
"12/21/18",2030,6.82
"12/22/18",2290,6.97
"12/23/18",2180,6.92
"12/24/18",2050,6.84
"12/25/18",1950,6.8
"12/26/18",1940,6.63
"12/27/18",3340,5.41
"12/28/18",6480,4.83
"12/29/18",8040,7.14
"12/30/18",8190,7.41
"12/31/18",7100,7.69
"01/01/19",5880,7.59
"01/02/19",4740,7.58
"01/03/19",4180,7.62
"01/04/19",4070,7.47
"01/05/19",3860,7.37
"01/06/19",3530,7.26
"01/07/19",3360,7.27
"01/08/19",3220,7.17
"01/09/19",3030,7.31
"01/10/19",2710,7.28
"01/11/19",2540,7.21
"01/12/19",2620,7.09
"01/13/19",2640,7.12
"01/14/19",2340,7.1
"01/15/19",2280,7.11
"01/16/19",2180,7.04
"01/17/19",2090,7.08
"01/18/19",1950,7.06
"01/19/19",1700,7.26
"01/20/19",1090,7.36
"01/21/19",748,7.69
"01/22/19",738,7.72
"01/23/19",730,7.65
"01/24/19",715,7.87
"01/25/19",937,8.06
"01/26/19",1140,8.17
"01/27/19",1190,8.11
"01/28/19",1200,7.97
"01/29/19",1190,7.93
"01/30/19",1190,8.01
"01/31/19",1230,8.45
"02/01/19",1310,8.49
"02/02/19",1470,8.2
"02/03/19",2170,6
"02/04/19",4040,5.3
"02/05/19",2660,5.83
"02/06/19",1840,6.33
"02/07/19",1590,6.76
"02/08/19",1430,6.82
"02/09/19",1380,7
"02/10/19",1350,7.16
"02/11/19",1330,6.94
"02/12/19",1330,6.71
"02/13/19",1330,6.64
"02/14/19",1310,6.33
"02/15/19",1300,6.36
"02/16/19",1270,6.31
"02/17/19",1260,6.34
"02/18/19",1270,6.38
"02/19/19",1280,6.36
"02/20/19",1290,6.25
"02/21/19",1290,6.28
"02/22/19",1270,6.22
"02/23/19",1240,6.06
"02/24/19",1210,5.82
"02/25/19",1190,5.55
"02/26/19",1150,5.64
"02/27/19",1100,5.53
"02/28/19",1060,5.51
"03/01/19",1040,5.61
"03/02/19",1040,5.93
"03/03/19",1040,6.04
"03/04/19",1040,6.11
"03/05/19",1010,6.25
"03/06/19",986,6.4
"03/07/19",958,6.33
"03/08/19",947,6.21
"03/09/19",960,5.88
"03/10/19",1260,4.12
"03/11/19",1710,3.61
"03/12/19",2580,3.82
"03/13/19",6600,2.17
"03/14/19",34900,0.61
"03/15/19",33400,1.08
"03/16/19",31400,1.8
"03/17/19",30700,2.05
"03/18/19",26700,2.17
"03/19/19",23500,2.28
"03/20/19",20100,2.43
"03/21/19",17200,2.62
"03/22/19",15600,2.83
"03/23/19",14000,3.02
"03/24/19",12200,3.32
"03/25/19",10400,3.5
"03/26/19",8840,3.69
"03/27/19",7750,4
"03/28/19",7030,4.5
"03/29/19",6480,4.5
"03/30/19",5910,4.4
"03/31/19",5270,4.3
"04/01/19",4640,4.5
"04/02/19",4390,4.6
"04/03/19",4300,4.7
"04/04/19",3700,4.6
"04/05/19",3570,4.6
"04/06/19",4340,4.9
"04/07/19",5940,5.6
"04/08/19",5880,6.1
"04/09/19",5510,6.5
"04/10/19",5230,6.6
"04/11/19",4380,6.8
"04/12/19",4110,6.4
"04/13/19",4710,6.4
"04/14/19",4970,6.8
"04/15/19",4400,6.8
"04/16/19",3910,6.7
"04/17/19",3580,6.5
"04/18/19",3320,6.3
"04/19/19",3120,6.2
"04/20/19",2870,5.9
"04/21/19",2680,5.6
"04/22/19",2570,5.6
"04/23/19",2510,5.8
"04/24/19",2340,5.6
"04/25/19",2230,5.2
"04/26/19",2150,5.2
"04/27/19",2170,5.1
"04/28/19",2140,5
"04/29/19",2110,5
"04/30/19",2120,5.1
"05/01/19",2460,5.3
"05/02/19",2390,5.5
"05/09/19",3340,4.4
"05/10/19",5130,5.5
"05/11/19",6770,7.2
"05/12/19",6320,7.6
"05/13/19",5640,7.5
"05/14/19",5470,7.8
"05/18/19",6860,6.9
"05/19/19",7730,7
"05/20/19",8160,8.2
"05/21/19",8740,8.6
"05/22/19",9370,8.4
"05/23/19",9700,8.8
"05/27/19",15400,10
"05/31/19",13800,10.5
"06/01/19",11600,10.9
"06/02/19",9950,9.9
"06/03/19",8480,9.7
"06/04/19",7540,10
"06/05/19",6860,9.8
"06/06/19",6270,10
"06/07/19",5660,10
"06/08/19",5170,9.7
"06/09/19",4730,9.6
"06/10/19",4350,9.6
"06/11/19",3960,9.8
"06/12/19",3770,9.9
"06/13/19",3550,9.7
"06/14/19",3350,9.6
"06/15/19",3200,9.6
"06/16/19",3220,9.3
"06/17/19",3240,9.5
"06/18/19",3400,9.7
"06/19/19",5910,8.6
"06/20/19",8040,10.4
"06/21/19",8580,10.9
"06/22/19",8390,10.6
"06/23/19",13000,6.4
"06/24/19",12400,9.6
"06/25/19",11500,10.3
"06/26/19",9240,10.7
"06/27/19",8290,10.7
"06/28/19",7100,10.9
"06/29/19",6140,10.7
"06/30/19",5380,10.6
"07/01/19",4820,10.4
"07/02/19",4290,10.2
"07/03/19",4120,9.8
"07/04/19",6450,8.7
"07/05/19",7560,8.6
"07/06/19",6820,9.5
"07/07/19",8240,9.1
"07/08/19",7880,10
"07/09/19",6220,10.3
"07/10/19",5250,10.1
"07/11/19",4490,9.9
"07/12/19",3890,9.7
"07/13/19",3370,9.5
"07/14/19",3070,9.3
"07/15/19",2760,9.1
"07/16/19",2610,8.9
"07/17/19",2860,8.2
"07/18/19",2880,8.2
"07/19/19",2550,8.3
"07/20/19",2410,8.3
"07/21/19",3060,8
"07/22/19",2620,8
"07/23/19",2190,8.1
"07/24/19",1920,7.9
"07/25/19",1720,7.6
"07/26/19",1580,7.3
"07/27/19",1470,7.1
"07/28/19",1370,6.8
"07/29/19",1300,6.5
"07/30/19",1180,6.2
"07/31/19",1080,5.9
"08/01/19",1070,5.7
"08/02/19",1070,5.5
"08/03/19",1030,5.4
"08/04/19",946,5
"08/05/19",870,4.8
"08/06/19",807,4.3
"08/07/19",729,4
"08/08/19",667,3.7
"08/09/19",624,3.4
"08/10/19",575,3.1
"08/11/19",550,3
"08/12/19",569,2.9
"08/13/19",562,2.8
"08/14/19",522,2.7
"08/15/19",505,2.5
"08/16/19",478,2.5
"08/17/19",445,2.4
"08/18/19",741,2.3
"08/19/19",894,2.5
"08/22/19",2380,3.5
"08/23/19",1620,3.4
"08/24/19",1240,3.3
"08/25/19",1050,3.4
"08/26/19",918,3.2
"08/27/19",844,2.9
"08/28/19",771,2.6
"08/29/19",724,2.3
"08/30/19",637,2.3
"08/31/19",610,2.2
"09/01/19",583,2.2
"09/02/19",568,2
"09/03/19",552,2
"09/04/19",526,1.9
"09/05/19",506,1.9
"09/06/19",492,1.8
"09/07/19",473,1.7
"09/08/19",488,1.8
"09/09/19",518,1.9
"09/10/19",860,1.8
"09/11/19",938,1.8
"09/12/19",707,2
"09/13/19",1320,2.7
"09/14/19",970,2.7
"09/15/19",1000,2.7
"09/16/19",1140,2.9
"09/17/19",1030,3
"09/18/19",829,3
"09/19/19",766,3.1
"09/20/19",727,3.3
"09/21/19",728,3.1
"09/22/19",1960,2.2
"09/23/19",1630,2.6
"09/24/19",1320,3.1
"09/25/19",1290,3.4
"09/26/19",1240,3.6
"09/27/19",1290,3.5
"09/28/19",1270,3.6
"09/29/19",1180,3.6
"09/30/19",1240,3.7
"10/01/19",1270,3.6
"10/03/19",6160,3.9
"10/04/19",5700,5.1
"10/05/19",5660,5.1
"10/06/19",6890,5.3
"10/07/19",7780,6.2
"10/08/19",7310,7.3
"10/09/19",6220,7.6
"10/10/19",6810,6.6
"10/11/19",11700,4.7
"10/12/19",11000,7
"10/13/19",9220,7.5
"10/14/19",7250,7.6
"10/15/19",6110,7.6
"10/16/19",5350,7.6
"10/17/19",4680,7.7
"10/18/19",4240,7.7
"10/19/19",4020,7.6
"10/20/19",3670,7.6
"10/21/19",4770,6
"10/22/19",3990,6.9
"10/23/19",3680,7.3
"10/24/19",3540,7.5
"10/25/19",3630,7.6
"10/26/19",3620,7.7
"10/27/19",3700,7.7
"10/28/19",3550,7.9
"10/29/19",3270,7.9
"10/30/19",3050,7.8
"10/31/19",2900,7.7
"11/01/19",2770,7.7
"11/02/19",2680,7.6
"11/03/19",2600,7.6
"11/04/19",2480,7.5
"11/05/19",2400,7.5
"11/06/19",2320,7.5
"11/07/19",2220,7.5
"11/08/19",2120,7.4
"11/09/19",2110,7.4
"11/10/19",2070,7.3
"11/11/19",1950,7.1
"11/12/19",1790,7.3
"11/13/19",1560,7.5
"11/14/19",1590,7.1
"11/15/19",1770,7.2
"11/16/19",1870,7.2
"11/17/19",1910,7.1
"11/18/19",1890,7
"11/19/19",1840,7
"11/20/19",1790,7
"11/21/19",1950,6.7
"11/22/19",2140,6.6
"11/23/19",2190,6.9
"11/24/19",2210,7
"11/25/19",2410,7
"11/26/19",2360,7.1
"11/27/19",2330,7
"11/28/19",2200,7
"11/29/19",2090,7
"11/30/19",2090,6.9
"12/01/19",2180,6.7
"12/02/19",2460,6.8
"12/03/19",2830,7.1
"12/04/19",3300,7.3
"12/05/19",3220,7.4
"12/06/19",2990,7.5
"12/07/19",2780,7.5
"12/08/19",2610,7.4
"12/09/19",2590,7.3
"12/10/19",2470,7.5
"12/11/19",2160,7.8
"12/12/19",2120,7.6
"12/13/19",2150,7.4
"12/14/19",2160,7.4
"12/15/19",1860,7.8
"12/16/19",1440,7.8
"12/17/19",1420,7.6
"12/18/19",1570,7.7
"12/19/19",1580,7.5
"12/20/19",1640,7.5
"12/21/19",1790,7.4
"12/22/19",1810,7.3
"12/23/19",1940,7.2
"12/24/19",1960,7.1
"12/25/19",1950,7.1
"12/26/19",1880,7
"12/27/19",1800,6.9
"12/28/19",1730,6.8
"12/29/19",2130,6.1
"12/30/19",2350,6.3
"12/31/19",3640,7.3
"01/01/20",4100,7.9
